"Name","URL","Submit URL","Category","Paid","Status","Notes"
"StackShare","https://stackshare.io","https://stackshare.io/submissions/new","Developer Tools","No","pending","Popular developer tools directory"
"Product Hunt","https://producthunt.com","https://www.producthunt.com/posts/new","Developer Tools","No","pending","Best for launching new tools"
"AlternativeTo","https://alternativeto.net","https://alternativeto.net/software/u2tool/","Utilities","No","pending","Add as alternative to similar tools"
"SaaS Discovery","https://saasdiscovery.co","https://saasdiscovery.co/submit","Developer Tools","No","pending",""
"SaaSHub","https://saashub.com","https://saashub.com/submit","Developer Tools","No","pending",""
"G2","https://g2.com","https://www.g2.com/products/u2tool/submissions/new","Developer Tools","Yes","pending","Paid reviews"
"Capterra","https://capterra.com","https://www.capterra.com/software/-request-review","Developer Tools","Yes","pending","Paid reviews"
"GitHub Awesome Lists","https://github.com","","Developer Tools","No","pending","Create awesome list or get listed"
"Dev.to","https://dev.to","","Developer Tools","No","pending","Write articles about tools"
"Hashnode","https://hashnode.com","","Developer Tools","No","pending","Write blog posts"
"ToolScout","https://toolscout.io","https://toolscout.io/submit","Developer Tools","No","pending",""
"CodeMyUI","https://codemyui.com","https://codemyui.com/submit/","Web Development","No","pending",""
"CSS Author","https://cssauthor.com","https://cssauthor.com/submit-your-tool/","Web Development","No","pending",""
"Hacker News","https://news.ycombinator.com","","Developer Tools","No","pending","Share on HN"
"Reddit","https://reddit.com","","Community","No","pending","Share in relevant subreddits"
"Indie Hackers","https://indiehackers.com","","Startup","No","pending","Share your project"
"Betalist","https://betalist.com","https://betalist.com/submit","Startup","No","pending",""
"AppSumo","https://appsumo.com","","Deals","No","pending","Submit for deal"
"SaaS Optic","https://saasoptic.com","https://saasoptic.com/submit","Developer Tools","No","pending",""
"Future Tools","https://futuretools.io","https://futuretools.io/submit","AI Tools","No","pending",""
"There's an AI for That","https://theresanaiforthat.com","https://theresanaiforthat.com/submit","AI Tools","No","pending",""
"AI Tools Directory","https://aitoolsdirectory.com","https://aitoolsdirectory.com/submit","AI Tools","No","pending",""
"Online Tools IO","https://onlinetools.io","https://onlinetools.io/submit","Online Tools","No","pending",""
"Web Tools Finder","https://webtoolsfinder.com","https://webtoolsfinder.com/submit","Web Development","No","pending",""
"DevTool Directory","https://devtooles.com","","Developer Tools","No","pending",""
"Coding Tools","https://coding.tools","","Developer Tools","No","pending","Add your tool"
"DevUtils","https://devutils.com","","Developer Tools","No","pending","Similar tools directory"
"Online Utility","https://online-utility.org","","Online Tools","No","pending",""
"Stack Overflow","https://stackoverflow.com","","Q&A","No","pending","Answer questions, include tool links"
"LinkedIn","https://linkedin.com","","Social","No","pending","Share in relevant groups"
"Twitter/X","https://twitter.com","","Social","No","pending","Engage with community"
"YouTube","https://youtube.com","","Video","No","pending","Create tool tutorials"
"AngelList","https://angel.co","","Startup","No","pending","Startup profile"
"ToolDirectory","https://tooldirectory.com","","General","No","pending",""
"Launchpad","https://launchpad.cc","https://launchpad.cc/submit","Startup","No","pending",""
"Stack Lima","https://stacklima.com","https://stacklima.com/submit","Developer Tools","No","pending",""